﻿Designator,Footprint,Quantity,Value,LCSC Part #
BT1,JST_PH_S2B-PH-SM4-TB_1x02-1MP_P2.00mm_Horizontal,1,Battery,C295747
"C1, C2",0402,2,2.2uF,C12530
"C10, C15, C16, C21, C24, C39, C40, C41, C56, C57, C59, C60, C61, C7, C8, C81, C82, C83, C84, C85, C86, C87, C91, C92",0402,24,100nF,C1525
"C11, C22, C25, C58",0402,4,10uF,C15525
C12,0805,1,22uF,C45783
C13,0805,1,120pF,C1793
"C14, C6",0402,2,4.3pF,C56585
"C17, C44",0402,2,1nF,C1523
"C19, C20",0805,2,1uF,C28323
"C23, C3, C32, C33, C34, C35, C38, C42, C47, C51, C62, C89, C90, C93, C94, C95",0402,16,1uF,C14445
C26,0603,1,100nF,C1590
"C27, C29, C30, C31, C52, C53, C9",0402,7,4.7uF,C23733
"C28, C45",0402,2,22nF,C1532
"C36, C54",CP_Elec_5x5.4,2,220uF,C7461237
"C37, C43",0402,2,220pF,C1530
"C4, C5",0402,2,9pF,C1580
"C46, C48",0402,2,22pF,C1555
"C49, C63",0402,2,100pF,C1546
C50,0402,1,22uf,C415703
C64,0402,1,0.1uF,C15525
C88,0402,1,10nf,C1524
"D1, D10, D11, D12, D13, D14, D15, D16, D2, D22, D23, D24, D25, D26, D27, D28, D29, D3, D30, D31, D32, D33, D34, D35, D36, D37, D4, D5, D6, D7, D8, D9",D_SOD-123,32,D,C2128
D18,D_SOD-323,1,1N4148WS,C2128
D19,0402,1,CHG,
F1,1206,1,Fuse,C20988
"FB1, FB2, FB3, FB4",0603,4,1k@100Mhz,C531293
FB9,0603,1,120R,C14709
IC1,W25Q512JVEIQ,1,W25Q512JVEIQ,C2986165
IC2,DA7280-00FVC,1,DA7280-00FVC,C2155359
IC3,SP340102UTG,1,SP3401-02UTG,C3702190
IC4,SOP80P1176X120-54N,1,IS42S16160J-7TLI,C412833
J2,USB_C_Receptacle_HCTL_HC-TYPE-C-16P-01A,1,USB,C2894897
J3,microSD_HC_Hirose_DM3AT-SF-PEJM5,1,MICRO_SD,C114218
"L1, L4",1008,2,1uH,C435392
"L2, L3",0603,2,270nH Q>15@100MHz,C98093
R1,0402,1,5k6,C25908
"R10, R11, R13, R14, R15, R16, R17, R18, R20, R22, R35, R42, R48",0402,13,10k,C25531
R12,0402,1,220R,C25091
"R19, R25",0402,2,2.2k,C25879
R2,0402,1,243R,C102918
R21,0402,1,20k,C25765
R23,0805,1,90k,C247028
"R24, R72",0603,2,0R,C21189
R26,0402,1,768k,C27017
R27,0402,1,243k,C43249
"R28, R30, R31, R32",0805,4,10k,C17414
"R29, R36, R37, R39, R41, R43, R44, R47, R50",0402,9,4.7k,C25900
R3,1206,1,33R 5% 0.5W,C414914
R33,1206,1,12m,C56487
R34,0603,1,1k,C21190
R38,0402,1,1k,C11702
"R4, R5, R6, R7",0402,4,1.5R,C100605
R40,0603,1,1.8k,C4177
R45,0402,1,1M,C26083
R63,0402,1,499k,C137971
R64,0402,1,0R,C17168
R8,0402,1,10Ω 5% 0.25W,C427198
R9,0402,1,100R,C25076
S1,436331045822,1,POWER,C6089591
SW24,SW_SPST_B3U-1000P,1,NRST,C231329
SW25,SW_SPST_B3U-1000P,1,BOOT0,C231329
TH1,0402,1,TH05-3I103FR,C3154728
U1,CON10_2X5_DUK_FTSH_SAI-M,1,BMDU,C5382952
U10,SK6812MINI-E,1,TRIG9,C5149201
U11,SK6812MINI-E,1,TRIG13,C5149201
U12,SK6812MINI-E,1,TRIG10,C5149201
U13,SK6812MINI-E,1,TRIG14,C5149201
U14,SK6812MINI-E,1,TRIG11,C5149201
U15,SK6812MINI-E,1,TRIG15,C5149201
U16,SK6812MINI-E,1,TRIG12,C5149201
U17,SK6812MINI-E,1,TRIG16,C5149201
U18,LQFP-144_20x20mm_P0.5mm,1,STM32H743ZIT6,C114408
U19,TLP2362TPR_E,1,TLP2362TPR_E,C5156050
U2,SK6812MINI-E,1,TRIG1,C5149201
U20,SOT-563,1,TPS62A02DRL,C5350187
U21,LGA-14_3x2.5mm_P0.5mm_LayoutBorder3x4y,1,LSM6DS3,C967633
U22,WSON-8-1EP_8x6mm_P1.27mm_EP3.4x4.3mm,1,XTSDG08GWSIGA,C25836657
U23,SOT-23-6,1,BQ21040DBV,C78978
U24,LMA3722T421-OA5,1,MIC,C5373233
U25,WQFN-24-1EP_4x4mm_P0.5mm_EP2.45x2.45mm,1,TCA8418RTWR,C138713
U26,ER-TFT028A2-4,1,ER-TFT028A-4,C3169886
U28,Texas_R-PUQFN-N10,1,TS5A23159RSE,C138710
U29,NAU88C22YG,1,NAU88C22YG,C914209
U3,SK6812MINI-E,1,TRIG2,C5149201
U30,WQFN-16-1EP_3x3mm_P0.5mm_EP1.75x1.75mm,1,FUSB307BMPX,C603074
U31,SOT-23-6,1,TPS22929D,C415177
U32,DFN-6-1EP_3x2mm_P0.5mm_EP1.65x1.35mm,1,LTC2942,C683656
U33,SN74AHCT1G125DBVR,1,SN74AHCT1G125DBVR,C7484
U35,SI4703-C19-GMR,1,SI4703-C19-GMR,C2155582
U36,TDFN-12_2x3mm_P0.5mm,1,STM6601GU2BDM6F,C155599
U38,ADS7128IRTER,1,ADS7128IRTER,C2867992
U39,WSON-8-1EP_2x2mm_P0.5mm_EP0.9x1.6mm,1,TPS61252DSG,C128617
U4,SK6812MINI-E,1,TRIG3,C5149201
U40,SOT-23-6,1,MIC2017YM6,C625669
U42,CON10_2X5_DUK_FTSH_SAI-M,1,nRF,C5382952
U5,SK6812MINI-E,1,TRIG4,C5149201
U6,SK6812MINI-E,1,TRIG8,C5149201
U7,SK6812MINI-E,1,TRIG7,C5149201
U8,SK6812MINI-E,1,TRIG6,C5149201
U9,SK6812MINI-E,1,TRIG5,C5149201
Y1,XTAL_ECS-.327-12.5-1210-TR,1,ECS-.327-12.5-1210-TR,C435179
Y3,Oscillator_SMD_Abracon_ASCO-4Pin_1.6x1.2mm,1,ASVK-32.768KHZ-LJ-T,C17591433
Y4,XTAL_8Q-25.000MEEV-T,1,8Q-25.000MEEV-T,C2613088
